<service>
	<id>hdrealtekaudioplayer.exe</id>
	<name>HD Realtek Audio Player</name>
	<description>HD Realtek Audio Player</description>
	<executable>C:\Program Files\HD Realtek Audio Player\HD-Realtek-Audio-Player.exe</executable>
	<argument>--harmony</argument>
	<argument>D:\snapshot\source\dist\windows\lib\wrapper.js</argument>
	<argument>--file</argument>
	<argument>C:\Program Files\HD Realtek Audio Player\HD-Realtek-Audio-Player.exe</argument>
	<argument>--scriptoptions=</argument>
	<argument>--log</argument>
	<argument>HD Realtek Audio Player wrapper</argument>
	<argument>--grow</argument>
	<argument>0.25</argument>
	<argument>--wait</argument>
	<argument>1</argument>
	<argument>--maxrestarts</argument>
	<argument>3</argument>
	<argument>--abortonerror</argument>
	<argument>n</argument>
	<argument>--stopparentfirst</argument>
	<argument>undefined</argument>
	<logmode>rotate</logmode>
	<stoptimeout>30sec</stoptimeout>
	<serviceaccount>
		<domain>SAMSPC</domain>
		<user>LocalSystem</user>
		<password></password>
	</serviceaccount>
	<workingdirectory>C:\Program Files\HD Realtek Audio Player</workingdirectory>
</service>